speciesURN,scientificNameText,scientificNameFormatted,label,ipniID
urn:cite:botcar:species.Acernegundo,Acer negundo L.,Acer negundo L.,Acer negundo L.,"**Acer negundo L.**: Species name identified and classified by P. McMillan and A. Hackney Blackwell, 2014.","to be added"
urn:cite:botcar:species.Acerrubrum,Acer rubrum L. var. rubrum,Acer rubrum L. var. rubrum,Acer rubrum L. var. rubrum,"**Acer rubrum L. var. rubrum**: Species name identified and classified by P. McMillan and A. Hackney Blackwell, 2014.","to be added"
urn:cite:botcar:species.Acersaccharinum,Acer saccharinum L.,Acer saccharinum L.,Acer saccharinum L.,"**Acer saccharinum L.**: Species name identified and classified by P. McMillan and A. Hackney Blackwell, 2014.","to be added"
urn:cite:botcar:species.Actaearacemosa,Actaea racemosa L.,Actaea racemosa L.,Actaea racemosa L.,"**Actaea racemosa L.**: Species name identified and classified by P. McMillan and A. Hackney Blackwell, 2014.","to be added"
urn:cite:botcar:species.Agalinispurpurea,Agalinis purpurea (L.) Pennell,Agalinis purpurea (L.) Pennell,Agalinis purpurea (L.) Pennell,"**Agalinis purpurea (L.) Pennell**: Species name identified and classified by P. McMillan and A. Hackney Blackwell, 2014.","to be added"
urn:cite:botcar:species.Aletrisaurea,Aletris aurea Walter,Aletris aurea Walter,Aletris aurea Walter,"**Aletris aurea Walter**: Species name identified and classified by P. McMillan and A. Hackney Blackwell, 2014.","to be added"
urn:cite:botcar:species.Alliumcuthbertii,Allium cuthbertii Small,Allium cuthbertii Small,Allium cuthbertii Small,"**Allium cuthbertii Small**: Species name identified and classified by P. McMillan and A. Hackney Blackwell, 2014.","to be added"
urn:cite:botcar:species.Amianthiummuscitoxicum,Amianthium muscitoxicum (Walter) A. Gray,Amianthium muscitoxicum (Walter) A. Gray,Amianthium muscitoxicum (Walter) A. Gray,"**Amianthium muscitoxicum (Walter) A. Gray**: Species name identified and classified by P. McMillan and A. Hackney Blackwell, 2014.","to be added"
urn:cite:botcar:species.Amorphaglabra,Amorpha glabra Desf. ex Poir.,Amorpha glabra Desf. ex Poir.,Amorpha glabra Desf. ex Poir.,"**Amorpha glabra Desf. ex Poir.**: Species name identified and classified by P. McMillan and A. Hackney Blackwell, 2014.","to be added"
urn:cite:botcar:species.Amorphaherbacea,Amorpha herbacea Walter,Amorpha herbacea Walter,Amorpha herbacea Walter,"**Amorpha herbacea Walter**: Species name identified and classified by P. McMillan and A. Hackney Blackwell, 2014.","to be added"
urn:cite:botcar:species.Ampelastercarolinianus,Ampelaster carolinianus (Walter) G.L. Nesom,Ampelaster carolinianus (Walter) G.L. Nesom,Ampelaster carolinianus (Walter) G.L. Nesom,"**Ampelaster carolinianus (Walter) G.L. Nesom**: Species name identified and classified by P. McMillan and A. Hackney Blackwell, 2014.","to be added"
urn:cite:botcar:species.Ampelopsisarborea,Ampelopsis arborea (L.) Koehne,Ampelopsis arborea (L.) Koehne,Ampelopsis arborea (L.) Koehne,"**Ampelopsis arborea (L.) Koehne**: Species name identified and classified by P. McMillan and A. Hackney Blackwell, 2014.","to be added"
urn:cite:botcar:species.Amsoniatabernaemontana,Amsonia tabernaemontana Walter var. tabernaemontana,Amsonia tabernaemontana Walter var. tabernaemontana,Amsonia tabernaemontana Walter var. tabernaemontana,"**Amsonia tabernaemontana Walter var. tabernaemontana**: Species name identified and classified by P. McMillan and A. Hackney Blackwell, 2014.","to be added"
urn:cite:botcar:species.Andropogontenuispatheus,Andropogon tenuispatheus (Nash) Nash,Andropogon tenuispatheus (Nash) Nash,Andropogon tenuispatheus (Nash) Nash,"**Andropogon tenuispatheus (Nash) Nash**: Species name identified and classified by P. McMillan and A. Hackney Blackwell, 2014.","to be added"
urn:cite:botcar:species.Angelicavenenosa,Angelica venenosa (Greenway) Fernald,Angelica venenosa (Greenway) Fernald,Angelica venenosa (Greenway) Fernald,"**Angelica venenosa (Greenway) Fernald**: Species name identified and classified by P. McMillan and A. Hackney Blackwell, 2014.","to be added"
urn:cite:botcar:species.Apiosamericana,Apios americana Medikus,Apios americana Medikus,Apios americana Medikus,"**Apios americana Medikus**: Species name identified and classified by P. McMillan and A. Hackney Blackwell, 2014.","to be added"
urn:cite:botcar:species.Apocynumcannabinum,Apocynum cannabinum L.,Apocynum cannabinum L.,Apocynum cannabinum L.,"**Apocynum cannabinum L.**: Species name identified and classified by P. McMillan and A. Hackney Blackwell, 2014.","to be added"
urn:cite:botcar:species.Arnoglossumatriplicifolium,Arnoglossum atriplicifolium (L.) H. Rob.,Arnoglossum atriplicifolium (L.) H. Rob.,Arnoglossum atriplicifolium (L.) H. Rob.,"**Arnoglossum atriplicifolium (L.) H. Rob.**: Species name identified and classified by P. McMillan and A. Hackney Blackwell, 2014.","to be added"
urn:cite:botcar:species.Asarumcanadense,Asarum canadense L.,Asarum canadense L.,Asarum canadense L.,"**Asarum canadense L.**: Species name identified and classified by P. McMillan and A. Hackney Blackwell, 2014.","to be added"
urn:cite:botcar:species.Asclepiasamplexicaulis,Asclepias amplexicaulis Sm.,Asclepias amplexicaulis Sm.,Asclepias amplexicaulis Sm.,"**Asclepias amplexicaulis Sm.**: Species name identified and classified by P. McMillan and A. Hackney Blackwell, 2014.","to be added"
urn:cite:botcar:species.Asclepiashumistrata,Asclepias humistrata Walter,Asclepias humistrata Walter,Asclepias humistrata Walter,"**Asclepias humistrata Walter**: Species name identified and classified by P. McMillan and A. Hackney Blackwell, 2014.","to be added"
urn:cite:botcar:species.Asclepiasobovata,Asclepias obovata Elliott,Asclepias obovata Elliott,Asclepias obovata Elliott,"**Asclepias obovata Elliott**: Species name identified and classified by P. McMillan and A. Hackney Blackwell, 2014.","to be added"
urn:cite:botcar:species.Asclepiasrubra,Asclepias rubra L.,Asclepias rubra L.,Asclepias rubra L.,"**Asclepias rubra L.**: Species name identified and classified by P. McMillan and A. Hackney Blackwell, 2014.","to be added"
urn:cite:botcar:species.Asclepiastuberosa,Asclepias tuberosa L.,Asclepias tuberosa L.,Asclepias tuberosa L.,"**Asclepias tuberosa L.**: Species name identified and classified by P. McMillan and A. Hackney Blackwell, 2014.","to be added"
urn:cite:botcar:species.Asclepiasverticillata,Asclepias verticillata L.,Asclepias verticillata L.,Asclepias verticillata L.,"**Asclepias verticillata L.**: Species name identified and classified by P. McMillan and A. Hackney Blackwell, 2014.","to be added"
urn:cite:botcar:species.Asclepiasviridiflora,Asclepias viridiflora Raf.,Asclepias viridiflora Raf.,Asclepias viridiflora Raf.,"**Asclepias viridiflora Raf.**: Species name identified and classified by P. McMillan and A. Hackney Blackwell, 2014.","to be added"
urn:cite:botcar:species.Aspleniumtrichomanes,Asplenium trichomanes L.,Asplenium trichomanes L.,Asplenium trichomanes L.,"**Asplenium trichomanes L.**: Species name identified and classified by P. McMillan and A. Hackney Blackwell, 2014.","to be added"
urn:cite:botcar:species.Astragalusmichauxii,Astragalus michauxii (Kuntze) F.J. Herm.,Astragalus michauxii (Kuntze) F.J. Herm.,Astragalus michauxii (Kuntze) F.J. Herm.,"**Astragalus michauxii (Kuntze) F.J. Herm.**: Species name identified and classified by P. McMillan and A. Hackney Blackwell, 2014.","to be added"
urn:cite:botcar:species.Athyriumasplenioides,Athyrium asplenioides (Michaux) A.A. Eaton,Athyrium asplenioides (Michaux) A.A. Eaton,Athyrium asplenioides (Michaux) A.A. Eaton,"**Athyrium asplenioides (Michaux) A.A. Eaton**: Species name identified and classified by P. McMillan and A. Hackney Blackwell, 2014.","to be added"
urn:cite:botcar:species.Bacopamonnieri,Bacopa monnieri (L.) Pennell,Bacopa monnieri (L.) Pennell,Bacopa monnieri (L.) Pennell,"**Bacopa monnieri (L.) Pennell**: Species name identified and classified by P. McMillan and A. Hackney Blackwell, 2014.","to be added"
urn:cite:botcar:species.Baptisiaalbescens,Baptisia albescens Small,Baptisia albescens Small,Baptisia albescens Small,"**Baptisia albescens Small**: Species name identified and classified by P. McMillan and A. Hackney Blackwell, 2014.","to be added"
urn:cite:botcar:species.Baptisiabracteata,Baptisia bracteata Elliott,Baptisia bracteata Elliott,Baptisia bracteata Elliott,"**Baptisia bracteata Elliott**: Species name identified and classified by P. McMillan and A. Hackney Blackwell, 2014.","to be added"
urn:cite:botcar:species.Baptisiaperfoliata,Baptisia perfoliata (L.) R. Br.,Baptisia perfoliata (L.) R. Br.,Baptisia perfoliata (L.) R. Br.,"**Baptisia perfoliata (L.) R. Br.**: Species name identified and classified by P. McMillan and A. Hackney Blackwell, 2014.","to be added"
urn:cite:botcar:species.Baptisiatinctoria,Baptisia tinctoria (L.) Ventenat,Baptisia tinctoria (L.) Ventenat,Baptisia tinctoria (L.) Ventenat,"**Baptisia tinctoria (L.) Ventenat**: Species name identified and classified by P. McMillan and A. Hackney Blackwell, 2014.","to be added"
urn:cite:botcar:species.Berchemiascandens,Berchemia scandens (Hill) K. Koch,Berchemia scandens (Hill) K. Koch,Berchemia scandens (Hill) K. Koch,"**Berchemia scandens (Hill) K. Koch**: Species name identified and classified by P. McMillan and A. Hackney Blackwell, 2014.","to be added"
urn:cite:botcar:species.Berlandierapumila,Berlandiera pumila (Michx) Nutt.,Berlandiera pumila (Michx) Nutt.,Berlandiera pumila (Michx) Nutt.,"**Berlandiera pumila (Michx) Nutt.**: Species name identified and classified by P. McMillan and A. Hackney Blackwell, 2014.","to be added"
urn:cite:botcar:species.Bidensfrondosa,Bidens frondosa L.,Bidens frondosa L.,Bidens frondosa L.,"**Bidens frondosa L.**: Species name identified and classified by P. McMillan and A. Hackney Blackwell, 2014.","to be added"
urn:cite:botcar:species.Bigelowianudata,Bigelowia nudata (Michx.) DC.,Bigelowia nudata (Michx.) DC.,Bigelowia nudata (Michx.) DC.,"**Bigelowia nudata (Michx.) DC.**: Species name identified and classified by P. McMillan and A. Hackney Blackwell, 2014.","to be added"
urn:cite:botcar:species.Brunnichiaovata,Brunnichia ovata (Walter) Shinners,Brunnichia ovata (Walter) Shinners,Brunnichia ovata (Walter) Shinners,"**Brunnichia ovata (Walter) Shinners**: Species name identified and classified by P. McMillan and A. Hackney Blackwell, 2014.","to be added"
urn:cite:botcar:species.Calycanthusfloridus,Calycanthus floridus L.,Calycanthus floridus L.,Calycanthus floridus L.,"**Calycanthus floridus L.**: Species name identified and classified by P. McMillan and A. Hackney Blackwell, 2014.","to be added"
urn:cite:botcar:species.Calystegiacatesbeiana,Calystegia catesbeiana Pursh,Calystegia catesbeiana Pursh,Calystegia catesbeiana Pursh,"**Calystegia catesbeiana Pursh**: Species name identified and classified by P. McMillan and A. Hackney Blackwell, 2014.","to be added"
urn:cite:botcar:species.Carexglaucescens,Carex glaucescens Elliott,Carex glaucescens Elliott,Carex glaucescens Elliott,"**Carex glaucescens Elliott**: Species name identified and classified by P. McMillan and A. Hackney Blackwell, 2014.","to be added"
urn:cite:botcar:species.Carphephoruscarnosus,Carphephorus carnosus (Small) C.W. James,Carphephorus carnosus (Small) C.W. James,Carphephorus carnosus (Small) C.W. James,"**Carphephorus carnosus (Small) C.W. James**: Species name identified and classified by P. McMillan and A. Hackney Blackwell, 2014.","to be added"
urn:cite:botcar:species.Carpinuscaroliniana,Carpinus caroliniana Walter,Carpinus caroliniana Walter,Carpinus caroliniana Walter,"**Carpinus caroliniana Walter**: Species name identified and classified by P. McMillan and A. Hackney Blackwell, 2014.","to be added"
urn:cite:botcar:species.Caryatomentosa,Carya tomentosa (Lamarck ex Poiret) Nuttall,Carya tomentosa (Lamarck ex Poiret) Nuttall,Carya tomentosa (Lamarck ex Poiret) Nuttall,"**Carya tomentosa (Lamarck ex Poiret) Nuttall**: Species name identified and classified by P. McMillan and A. Hackney Blackwell, 2014.","to be added"
urn:cite:botcar:species.Castaneapumila,Castanea pumila (L.) Mill,Castanea pumila (L.) Mill,Castanea pumila (L.) Mill,"**Castanea pumila (L.) Mill**: Species name identified and classified by P. McMillan and A. Hackney Blackwell, 2014.","to be added"
urn:cite:botcar:species.Catalpabignonioides,Catalpa bignonioides Walter,Catalpa bignonioides Walter,Catalpa bignonioides Walter,"**Catalpa bignonioides Walter**: Species name identified and classified by P. McMillan and A. Hackney Blackwell, 2014.","to be added"
urn:cite:botcar:species.Ceanothusamericanus,Ceanothus americanus L.,Ceanothus americanus L.,Ceanothus americanus L.,"**Ceanothus americanus L.**: Species name identified and classified by P. McMillan and A. Hackney Blackwell, 2014.","to be added"
urn:cite:botcar:species.Cephalanthusoccidentalis,Cephalanthus occidentalis L.,Cephalanthus occidentalis L.,Cephalanthus occidentalis L.,"**Cephalanthus occidentalis L.**: Species name identified and classified by P. McMillan and A. Hackney Blackwell, 2014.","to be added"
urn:cite:botcar:species.Ceratiolaericoides,Ceratiola ericoides Michx.,Ceratiola ericoides Michx.,Ceratiola ericoides Michx.,"**Ceratiola ericoides Michx.**: Species name identified and classified by P. McMillan and A. Hackney Blackwell, 2014.","to be added"
urn:cite:botcar:species.Cerciscanadensis,Cercis canadensis L.,Cercis canadensis L.,Cercis canadensis L.,"**Cercis canadensis L.**: Species name identified and classified by P. McMillan and A. Hackney Blackwell, 2014.","to be added"
urn:cite:botcar:species.Chamaecristanictitans,Chamaecrista nictitans (Michx.) Greene,Chamaecrista nictitans (Michx.) Greene,Chamaecrista nictitans (Michx.) Greene,"**Chamaecrista nictitans (Michx.) Greene**: Species name identified and classified by P. McMillan and A. Hackney Blackwell, 2014.","to be added"
urn:cite:botcar:species.Chamaesycesp,Chamaesyce sp.,Chamaesyce sp.,Chamaesyce sp.,"**Chamaesyce sp.**: Species name identified and classified by P. McMillan and A. Hackney Blackwell, 2014.","to be added"
urn:cite:botcar:species.Chaptaliatomentosa,Chaptalia tomentosa Vent.,Chaptalia tomentosa Vent.,Chaptalia tomentosa Vent.,"**Chaptalia tomentosa Vent.**: Species name identified and classified by P. McMillan and A. Hackney Blackwell, 2014.","to be added"
urn:cite:botcar:species.Chasmanthiumlatifolium,Chasmanthium latifolium (Michaux) Yates,,Chasmanthium latifolium (Michaux) Yates,,Chasmanthium latifolium (Michaux) Yates,,"**Chasmanthium latifolium (Michaux) Yates,**: Species name identified and classified by P. McMillan and A. Hackney Blackwell, 2014.","to be added"
urn:cite:botcar:species.Chrysogonumvirginianum,Chrysogonum virginianum L.,Chrysogonum virginianum L.,Chrysogonum virginianum L.,"**Chrysogonum virginianum L.**: Species name identified and classified by P. McMillan and A. Hackney Blackwell, 2014.","to be added"
urn:cite:botcar:species.Chrysopsisgossypina,Chrysopsis gossypina (Michaux) Elliott,Chrysopsis gossypina (Michaux) Elliott,Chrysopsis gossypina (Michaux) Elliott,"**Chrysopsis gossypina (Michaux) Elliott**: Species name identified and classified by P. McMillan and A. Hackney Blackwell, 2014.","to be added"
urn:cite:botcar:species.Chrysopsismariana,Chrysopsis mariana (L.) Elliott,Chrysopsis mariana (L.) Elliott,Chrysopsis mariana (L.) Elliott,"**Chrysopsis mariana (L.) Elliott**: Species name identified and classified by P. McMillan and A. Hackney Blackwell, 2014.","to be added"
urn:cite:botcar:species.Cicutamaculata,Cicuta maculata L.,Cicuta maculata L.,Cicuta maculata L.,"**Cicuta maculata L.**: Species name identified and classified by P. McMillan and A. Hackney Blackwell, 2014.","to be added"
urn:cite:botcar:species.Clematiscrispa,Clematis crispa L.,Clematis crispa L.,Clematis crispa L.,"**Clematis crispa L.**: Species name identified and classified by P. McMillan and A. Hackney Blackwell, 2014.","to be added"
urn:cite:botcar:species.Clematisviorna,Clematis viorna L.,Clematis viorna L.,Clematis viorna L.,"**Clematis viorna L.**: Species name identified and classified by P. McMillan and A. Hackney Blackwell, 2014.","to be added"
urn:cite:botcar:species.Clethratomentosa,Clethra tomentosa Lamarck,Clethra tomentosa Lamarck,Clethra tomentosa Lamarck,"**Clethra tomentosa Lamarck**: Species name identified and classified by P. McMillan and A. Hackney Blackwell, 2014.","to be added"
urn:cite:botcar:species.Cnidoscolusstimulosus,Cnidoscolus stimulosus (Michaux) Engelmann & A. Gray,Cnidoscolus stimulosus (Michaux) Engelmann & A. Gray,Cnidoscolus stimulosus (Michaux) Engelmann & A. Gray,"**Cnidoscolus stimulosus (Michaux) Engelmann & A. Gray**: Species name identified and classified by P. McMillan and A. Hackney Blackwell, 2014.","to be added"
urn:cite:botcar:species.Cocculuscarolinus,"Cocculus carolinus (L.) DC., A.P. deCandolle","Cocculus carolinus (L.) DC., A.P. deCandolle","Cocculus carolinus (L.) DC., A.P. deCandolle","**Cocculus carolinus (L.) DC., A.P. deCandolle**: Species name identified and classified by P. McMillan and A. Hackney Blackwell, 2014.","to be added"
urn:cite:botcar:species.Coelorachisrugosa,Coelorachis rugosa (Nutt.) Nash,Coelorachis rugosa (Nutt.) Nash,Coelorachis rugosa (Nutt.) Nash,"**Coelorachis rugosa (Nutt.) Nash**: Species name identified and classified by P. McMillan and A. Hackney Blackwell, 2014.","to be added"
urn:cite:botcar:species.Collinsoniacanadensis,Collinsonia canadensis L.,Collinsonia canadensis L.,Collinsonia canadensis L.,"**Collinsonia canadensis L.**: Species name identified and classified by P. McMillan and A. Hackney Blackwell, 2014.","to be added"
urn:cite:botcar:species.Collinsoniatuberosa,Collinsonia tuberosa Michx.,Collinsonia tuberosa Michx.,Collinsonia tuberosa Michx.,"**Collinsonia tuberosa Michx.**: Species name identified and classified by P. McMillan and A. Hackney Blackwell, 2014.","to be added"
urn:cite:botcar:species.Commelinaerecta,Commelina erecta L.,Commelina erecta L.,Commelina erecta L.,"**Commelina erecta L.**: Species name identified and classified by P. McMillan and A. Hackney Blackwell, 2014.","to be added"
urn:cite:botcar:species.Coreopsisdelphiniifolia,Coreopsis delphiniifolia Lam.,Coreopsis delphiniifolia Lam.,Coreopsis delphiniifolia Lam.,"**Coreopsis delphiniifolia Lam.**: Species name identified and classified by P. McMillan and A. Hackney Blackwell, 2014.","to be added"
urn:cite:botcar:species.Coreopsislanceolata,Coreopsis lanceolata L.,Coreopsis lanceolata L.,Coreopsis lanceolata L.,"**Coreopsis lanceolata L.**: Species name identified and classified by P. McMillan and A. Hackney Blackwell, 2014.","to be added"
urn:cite:botcar:species.Coreopsismajor,Coreopsis major Walter var. major,Coreopsis major Walter var. major,Coreopsis major Walter var. major,"**Coreopsis major Walter var. major**: Species name identified and classified by P. McMillan and A. Hackney Blackwell, 2014.","to be added"
urn:cite:botcar:species.Cornusasperifolia,Cornus asperifolia Michx.,Cornus asperifolia Michx.,Cornus asperifolia Michx.,"**Cornus asperifolia Michx.**: Species name identified and classified by P. McMillan and A. Hackney Blackwell, 2014.","to be added"
urn:cite:botcar:species.Cornusflorida,Cornus florida L.,Cornus florida L.,Cornus florida L.,"**Cornus florida L.**: Species name identified and classified by P. McMillan and A. Hackney Blackwell, 2014.","to be added"
urn:cite:botcar:species.Cteniumaromaticum,Ctenium aromaticum (Walter) Alph. Wood,Ctenium aromaticum (Walter) Alph. Wood,Ctenium aromaticum (Walter) Alph. Wood,"**Ctenium aromaticum (Walter) Alph. Wood**: Species name identified and classified by P. McMillan and A. Hackney Blackwell, 2014.","to be added"
urn:cite:botcar:species.Cyperusechinatus,Cyperus echinatus (L.) Wood,Cyperus echinatus (L.) Wood,Cyperus echinatus (L.) Wood,"**Cyperus echinatus (L.) Wood**: Species name identified and classified by P. McMillan and A. Hackney Blackwell, 2014.","to be added"
urn:cite:botcar:species.Cyperusvirens,Cyperus virens Michaux,Cyperus virens Michaux,Cyperus virens Michaux,"**Cyperus virens Michaux**: Species name identified and classified by P. McMillan and A. Hackney Blackwell, 2014.","to be added"
urn:cite:botcar:species.Cyrillaracemiflora,Cyrilla racemiflora L.,Cyrilla racemiflora L.,Cyrilla racemiflora L.,"**Cyrilla racemiflora L.**: Species name identified and classified by P. McMillan and A. Hackney Blackwell, 2014.","to be added"
urn:cite:botcar:species.Daleapinnata,Dalea pinnata (J.F. Gmel.) Barneby,Dalea pinnata (J.F. Gmel.) Barneby,Dalea pinnata (J.F. Gmel.) Barneby,"**Dalea pinnata (J.F. Gmel.) Barneby**: Species name identified and classified by P. McMillan and A. Hackney Blackwell, 2014.","to be added"
urn:cite:botcar:species.Delphiniumcarolinianum,Delphinium carolinianum Walter,Delphinium carolinianum Walter,Delphinium carolinianum Walter,"**Delphinium carolinianum Walter**: Species name identified and classified by P. McMillan and A. Hackney Blackwell, 2014.","to be added"
urn:cite:botcar:species.Dioscoreavillosa,Dioscorea villosa L.,Dioscorea villosa L.,Dioscorea villosa L.,"**Dioscorea villosa L.**: Species name identified and classified by P. McMillan and A. Hackney Blackwell, 2014.","to be added"
urn:cite:botcar:species.Diospyrosvirginiana,Diospyros virginiana L.,Diospyros virginiana L.,Diospyros virginiana L.,"**Diospyros virginiana L.**: Species name identified and classified by P. McMillan and A. Hackney Blackwell, 2014.","to be added"
urn:cite:botcar:species.Dyschoristeoblongifolia,Dyschoriste oblongifolia (Michx.) Kuntze,Dyschoriste oblongifolia (Michx.) Kuntze,Dyschoriste oblongifolia (Michx.) Kuntze,"**Dyschoriste oblongifolia (Michx.) Kuntze**: Species name identified and classified by P. McMillan and A. Hackney Blackwell, 2014.","to be added"
urn:cite:botcar:species.Eleusineindica,Eleusine indica (L.) Gaertn.,Eleusine indica (L.) Gaertn.,Eleusine indica (L.) Gaertn.,"**Eleusine indica (L.) Gaertn.**: Species name identified and classified by P. McMillan and A. Hackney Blackwell, 2014.","to be added"
urn:cite:botcar:species.Endodecaserpentaria,Endodeca serpentaria (Linnaeus) Rafinesque,Endodeca serpentaria (Linnaeus) Rafinesque,Endodeca serpentaria (Linnaeus) Rafinesque,"**Endodeca serpentaria (Linnaeus) Rafinesque**: Species name identified and classified by P. McMillan and A. Hackney Blackwell, 2014.","to be added"
urn:cite:botcar:species.Epifagusvirginiana,Epifagus virginiana (Linnaeus) W. Barton,Epifagus virginiana (Linnaeus) W. Barton,Epifagus virginiana (Linnaeus) W. Barton,"**Epifagus virginiana (Linnaeus) W. Barton**: Species name identified and classified by P. McMillan and A. Hackney Blackwell, 2014.","to be added"
urn:cite:botcar:species.Erigeronquercifolius,Erigeron quercifolius Lam.,Erigeron quercifolius Lam.,Erigeron quercifolius Lam.,"**Erigeron quercifolius Lam.**: Species name identified and classified by P. McMillan and A. Hackney Blackwell, 2014.","to be added"
urn:cite:botcar:species.Erigeronstrigosus,Erigeron strigosus Muhlenberg ex Willdenow,Erigeron strigosus Muhlenberg ex Willdenow,Erigeron strigosus Muhlenberg ex Willdenow,"**Erigeron strigosus Muhlenberg ex Willdenow**: Species name identified and classified by P. McMillan and A. Hackney Blackwell, 2014.","to be added"
urn:cite:botcar:species.Eriocaulondecangulare,Eriocaulon decangulare L.,Eriocaulon decangulare L.,Eriocaulon decangulare L.,"**Eriocaulon decangulare L.**: Species name identified and classified by P. McMillan and A. Hackney Blackwell, 2014.","to be added"
urn:cite:botcar:species.Eriogonumtomentosum,Eriogonum tomentosum,Eriogonum tomentosum,Eriogonum tomentosum,"**Eriogonum tomentosum**: Species name identified and classified by P. McMillan and A. Hackney Blackwell, 2014.","to be added"
urn:cite:botcar:species.Eryngiumintegrifolium,Eryngium integrifolium Walter,Eryngium integrifolium Walter,Eryngium integrifolium Walter,"**Eryngium integrifolium Walter**: Species name identified and classified by P. McMillan and A. Hackney Blackwell, 2014.","to be added"
urn:cite:botcar:species.Eupatoriumcapillifolium,Eupatorium capillifolium (Lamarck) Small,Eupatorium capillifolium (Lamarck) Small,Eupatorium capillifolium (Lamarck) Small,"**Eupatorium capillifolium (Lamarck) Small**: Species name identified and classified by P. McMillan and A. Hackney Blackwell, 2014.","to be added"
urn:cite:botcar:species.Eupatoriumcompositifolium,Eupatorium compositifolium Walter,Eupatorium compositifolium Walter,Eupatorium compositifolium Walter,"**Eupatorium compositifolium Walter**: Species name identified and classified by P. McMillan and A. Hackney Blackwell, 2014.","to be added"
urn:cite:botcar:species.Eupatoriumleucolepis,Eupatorium leucolepis (DC.) Torr. & A. Gray,Eupatorium leucolepis (DC.) Torr. & A. Gray,Eupatorium leucolepis (DC.) Torr. & A. Gray,"**Eupatorium leucolepis (DC.) Torr. & A. Gray**: Species name identified and classified by P. McMillan and A. Hackney Blackwell, 2014.","to be added"
urn:cite:botcar:species.Eupatoriumperfoliatum,Eupatorium perfoliatum L.,Eupatorium perfoliatum L.,Eupatorium perfoliatum L.,"**Eupatorium perfoliatum L.**: Species name identified and classified by P. McMillan and A. Hackney Blackwell, 2014.","to be added"
urn:cite:botcar:species.Eupatoriumpurpureum,Eupatorium purpureum L. var. purpureum,Eupatorium purpureum L. var. purpureum,Eupatorium purpureum L. var. purpureum,"**Eupatorium purpureum L. var. purpureum**: Species name identified and classified by P. McMillan and A. Hackney Blackwell, 2014.","to be added"
urn:cite:botcar:species.Eupatoriumserotinum,Eupatorium serotinum Michx.,Eupatorium serotinum Michx.,Eupatorium serotinum Michx.,"**Eupatorium serotinum Michx.**: Species name identified and classified by P. McMillan and A. Hackney Blackwell, 2014.","to be added"
urn:cite:botcar:species.Euthamiacaroliniana,Euthamia caroliniana (Linnaeus) Greene ex Porter & Britton,Euthamia caroliniana (Linnaeus) Greene ex Porter & Britton,Euthamia caroliniana (Linnaeus) Greene ex Porter & Britton,"**Euthamia caroliniana (Linnaeus) Greene ex Porter & Britton**: Species name identified and classified by P. McMillan and A. Hackney Blackwell, 2014.","to be added"
urn:cite:botcar:species.Eutrochiumdubium,Eutrochium dubium (Willdenow ex Poiret) E.E. Lamont,Eutrochium dubium (Willdenow ex Poiret) E.E. Lamont,Eutrochium dubium (Willdenow ex Poiret) E.E. Lamont,"**Eutrochium dubium (Willdenow ex Poiret) E.E. Lamont**: Species name identified and classified by P. McMillan and A. Hackney Blackwell, 2014.","to be added"
urn:cite:botcar:species.Fraxinuspennsylvanica,Fraxinus pennsylvanica Marsh.,Fraxinus pennsylvanica Marsh.,Fraxinus pennsylvanica Marsh.,"**Fraxinus pennsylvanica Marsh.**: Species name identified and classified by P. McMillan and A. Hackney Blackwell, 2014.","to be added"
urn:cite:botcar:species.Fuirenabreviseta,Fuirena breviseta (Coville) Coville,Fuirena breviseta (Coville) Coville,Fuirena breviseta (Coville) Coville,"**Fuirena breviseta (Coville) Coville**: Species name identified and classified by P. McMillan and A. Hackney Blackwell, 2014.","to be added"
urn:cite:botcar:species.Fuirenasquarrosa,Fuirena squarrosa Michaux,Fuirena squarrosa Michaux,Fuirena squarrosa Michaux,"**Fuirena squarrosa Michaux**: Species name identified and classified by P. McMillan and A. Hackney Blackwell, 2014.","to be added"
urn:cite:botcar:species.Gaillardiaaestivalis,Gaillardia aestivalis (Walter) H. Rock var. aestivalis,Gaillardia aestivalis (Walter) H. Rock var. aestivalis,Gaillardia aestivalis (Walter) H. Rock var. aestivalis,"**Gaillardia aestivalis (Walter) H. Rock var. aestivalis**: Species name identified and classified by P. McMillan and A. Hackney Blackwell, 2014.","to be added"
urn:cite:botcar:species.Galactiavolubilis,Galactia volubilis (L.) Britton,Galactia volubilis (L.) Britton,Galactia volubilis (L.) Britton,"**Galactia volubilis (L.) Britton**: Species name identified and classified by P. McMillan and A. Hackney Blackwell, 2014.","to be added"
urn:cite:botcar:species.Gamochaetaantillana,Gamochaeta antillana (Urban) Anderberg,Gamochaeta antillana (Urban) Anderberg,Gamochaeta antillana (Urban) Anderberg,"**Gamochaeta antillana (Urban) Anderberg**: Species name identified and classified by P. McMillan and A. Hackney Blackwell, 2014.","to be added"
urn:cite:botcar:species.Gentianacatesbaei,Gentiana catesbaei Walter,Gentiana catesbaei Walter,Gentiana catesbaei Walter,"**Gentiana catesbaei Walter**: Species name identified and classified by P. McMillan and A. Hackney Blackwell, 2014.","to be added"
urn:cite:botcar:species.Geumcanadense,Geum canadense Jacq.,Geum canadense Jacq.,Geum canadense Jacq.,"**Geum canadense Jacq.**: Species name identified and classified by P. McMillan and A. Hackney Blackwell, 2014.","to be added"
urn:cite:botcar:species.Glandulariacanadensis,Glandularia canadensis (L.) Nutt.,Glandularia canadensis (L.) Nutt.,Glandularia canadensis (L.) Nutt.,"**Glandularia canadensis (L.) Nutt.**: Species name identified and classified by P. McMillan and A. Hackney Blackwell, 2014.","to be added"
urn:cite:botcar:species.Gleditsiaaquatica,Gleditsia aquatica Marsh.,Gleditsia aquatica Marsh.,Gleditsia aquatica Marsh.,"**Gleditsia aquatica Marsh.**: Species name identified and classified by P. McMillan and A. Hackney Blackwell, 2014.","to be added"
urn:cite:botcar:species.Gordonialasianthus,Gordonia lasianthus (Linnaeus) Ellis,Gordonia lasianthus (Linnaeus) Ellis,Gordonia lasianthus (Linnaeus) Ellis,"**Gordonia lasianthus (Linnaeus) Ellis**: Species name identified and classified by P. McMillan and A. Hackney Blackwell, 2014.","to be added"
urn:cite:botcar:species.Habenariarepens,Habenaria repens Nutt.,Habenaria repens Nutt.,Habenaria repens Nutt.,"**Habenaria repens Nutt.**: Species name identified and classified by P. McMillan and A. Hackney Blackwell, 2014.","to be added"
urn:cite:botcar:species.Hamamelisvirginiana,Hamamelis virginiana L.,Hamamelis virginiana L.,Hamamelis virginiana L.,"**Hamamelis virginiana L.**: Species name identified and classified by P. McMillan and A. Hackney Blackwell, 2014.","to be added"
urn:cite:botcar:species.Heleniumflexuosum,Helenium flexuosum Raf.,Helenium flexuosum Raf.,Helenium flexuosum Raf.,"**Helenium flexuosum Raf.**: Species name identified and classified by P. McMillan and A. Hackney Blackwell, 2014.","to be added"
urn:cite:botcar:species.Helianthusangustifolius,Helianthus angustifolius L.,Helianthus angustifolius L.,Helianthus angustifolius L.,"**Helianthus angustifolius L.**: Species name identified and classified by P. McMillan and A. Hackney Blackwell, 2014.","to be added"
urn:cite:botcar:species.Helianthushirsutus,Helianthus hirsutus,Helianthus hirsutus,Helianthus hirsutus,"**Helianthus hirsutus**: Species name identified and classified by P. McMillan and A. Hackney Blackwell, 2014.","to be added"
urn:cite:botcar:species.Heliopsishelianthoides,Heliopsis helianthoides (L.) Sweet var. helianthoides,Heliopsis helianthoides (L.) Sweet var. helianthoides,Heliopsis helianthoides (L.) Sweet var. helianthoides,"**Heliopsis helianthoides (L.) Sweet var. helianthoides**: Species name identified and classified by P. McMillan and A. Hackney Blackwell, 2014.","to be added"
urn:cite:botcar:species.Hibiscusmoscheutos,Hibiscus moscheutos L. ibiscus moscheutos L,Hibiscus moscheutos L. ibiscus moscheutos L,Hibiscus moscheutos L. ibiscus moscheutos L,"**Hibiscus moscheutos L. ibiscus moscheutos L**: Species name identified and classified by P. McMillan and A. Hackney Blackwell, 2014.","to be added"
urn:cite:botcar:species.Hydrangeaarborescens,Hydrangea arborescens L.,Hydrangea arborescens L.,Hydrangea arborescens L.,"**Hydrangea arborescens L.**: Species name identified and classified by P. McMillan and A. Hackney Blackwell, 2014.","to be added"
urn:cite:botcar:species.Hydrangearadiata,Hydrangea radiata Walter,Hydrangea radiata Walter,Hydrangea radiata Walter,"**Hydrangea radiata Walter**: Species name identified and classified by P. McMillan and A. Hackney Blackwell, 2014.","to be added"
urn:cite:botcar:species.Hylodesmumglutinosum,Hylodesmum glutinosum (Muhlenberg ex Willdenow) H. Ohashi & R.R. Mill,Hylodesmum glutinosum (Muhlenberg ex Willdenow) H. Ohashi & R.R. Mill,Hylodesmum glutinosum (Muhlenberg ex Willdenow) H. Ohashi & R.R. Mill,"**Hylodesmum glutinosum (Muhlenberg ex Willdenow) H. Ohashi & R.R. Mill**: Species name identified and classified by P. McMillan and A. Hackney Blackwell, 2014.","to be added"
urn:cite:botcar:species.Hypericumcrux,Hypericum crux-andreae (L.) Crantz,Hypericum crux-andreae (L.) Crantz,Hypericum crux-andreae (L.) Crantz,"**Hypericum crux-andreae (L.) Crantz**: Species name identified and classified by P. McMillan and A. Hackney Blackwell, 2014.","to be added"
urn:cite:botcar:species.Hypericumwalteri,Hypericum walteri J.G. Gmelin,Hypericum walteri J.G. Gmelin,Hypericum walteri J.G. Gmelin,"**Hypericum walteri J.G. Gmelin**: Species name identified and classified by P. McMillan and A. Hackney Blackwell, 2014.","to be added"
urn:cite:botcar:species.Hyptisalata,Hyptis alata (Raf.) Shinners,Hyptis alata (Raf.) Shinners,Hyptis alata (Raf.) Shinners,"**Hyptis alata (Raf.) Shinners**: Species name identified and classified by P. McMillan and A. Hackney Blackwell, 2014.","to be added"
urn:cite:botcar:species.Ilexambigua,Ilex ambigua (Michx.) Torr.,Ilex ambigua (Michx.) Torr.,Ilex ambigua (Michx.) Torr.,"**Ilex ambigua (Michx.) Torr.**: Species name identified and classified by P. McMillan and A. Hackney Blackwell, 2014.","to be added"
urn:cite:botcar:species.Ilexcassine,Ilex cassine L.,Ilex cassine L.,Ilex cassine L.,"**Ilex cassine L.**: Species name identified and classified by P. McMillan and A. Hackney Blackwell, 2014.","to be added"
urn:cite:botcar:species.Impatienscapensis,Impatiens capensis Meerburgh,Impatiens capensis Meerburgh,Impatiens capensis Meerburgh,"**Impatiens capensis Meerburgh**: Species name identified and classified by P. McMillan and A. Hackney Blackwell, 2014.","to be added"
urn:cite:botcar:species.Indigoferatinctoria,Indigofera tinctoria L.,Indigofera tinctoria L.,Indigofera tinctoria L.,"**Indigofera tinctoria L.**: Species name identified and classified by P. McMillan and A. Hackney Blackwell, 2014.","to be added"
urn:cite:botcar:species.Ipomoeacoccinea,Ipomoea coccinea L.,Ipomoea coccinea L.,Ipomoea coccinea L.,"**Ipomoea coccinea L.**: Species name identified and classified by P. McMillan and A. Hackney Blackwell, 2014.","to be added"
urn:cite:botcar:species.Ipomopsisrubra,Ipomopsis rubra (Linnaeus) Wherry,Ipomopsis rubra (Linnaeus) Wherry,Ipomopsis rubra (Linnaeus) Wherry,"**Ipomopsis rubra (Linnaeus) Wherry**: Species name identified and classified by P. McMillan and A. Hackney Blackwell, 2014.","to be added"
urn:cite:botcar:species.Iteavirginica,Itea virginica L.,Itea virginica L.,Itea virginica L.,"**Itea virginica L.**: Species name identified and classified by P. McMillan and A. Hackney Blackwell, 2014.","to be added"
urn:cite:botcar:species.Juncusscirpoides,Juncus scirpoides Lam.,Juncus scirpoides Lam.,Juncus scirpoides Lam.,"**Juncus scirpoides Lam.**: Species name identified and classified by P. McMillan and A. Hackney Blackwell, 2014.","to be added"
urn:cite:botcar:species.Kalmialatifolia,Kalmia latifolia L.,Kalmia latifolia L.,Kalmia latifolia L.,"**Kalmia latifolia L.**: Species name identified and classified by P. McMillan and A. Hackney Blackwell, 2014.","to be added"
urn:cite:botcar:species.Kosteletzkyapentacarpos,Kosteletzkya pentacarpos (Linnaeus) Ledebour,Kosteletzkya pentacarpos (Linnaeus) Ledebour,Kosteletzkya pentacarpos (Linnaeus) Ledebour,"**Kosteletzkya pentacarpos (Linnaeus) Ledebour**: Species name identified and classified by P. McMillan and A. Hackney Blackwell, 2014.","to be added"
urn:cite:botcar:species.Lachnanthescaroliniana,Lachnanthes caroliniana (Lamarck) Dandy,Lachnanthes caroliniana (Lamarck) Dandy,Lachnanthes caroliniana (Lamarck) Dandy,"**Lachnanthes caroliniana (Lamarck) Dandy**: Species name identified and classified by P. McMillan and A. Hackney Blackwell, 2014.","to be added"
urn:cite:botcar:species.Lactucasp,Lactuca sp.,Lactuca sp.,Lactuca sp.,"**Lactuca sp.**: Species name identified and classified by P. McMillan and A. Hackney Blackwell, 2014.","to be added"
urn:cite:botcar:species.Laporteacanadensis,Laportea canadensis (Linnaeus) Weddell,Laportea canadensis (Linnaeus) Weddell,Laportea canadensis (Linnaeus) Weddell,"**Laportea canadensis (Linnaeus) Weddell**: Species name identified and classified by P. McMillan and A. Hackney Blackwell, 2014.","to be added"
urn:cite:botcar:species.Lespedezahirta,Lespedeza hirta (Linnaeus) Hornemann var. curtissii (Clewell) Isely,Lespedeza hirta (Linnaeus) Hornemann var. curtissii (Clewell) Isely,Lespedeza hirta (Linnaeus) Hornemann var. curtissii (Clewell) Isely,"**Lespedeza hirta (Linnaeus) Hornemann var. curtissii (Clewell) Isely**: Species name identified and classified by P. McMillan and A. Hackney Blackwell, 2014.","to be added"
urn:cite:botcar:species.Lespedezavirginica,Lespedeza virginica (L.) Britton,Lespedeza virginica (L.) Britton,Lespedeza virginica (L.) Britton,"**Lespedeza virginica (L.) Britton**: Species name identified and classified by P. McMillan and A. Hackney Blackwell, 2014.","to be added"
urn:cite:botcar:species.Leucothoefontanesiana,Leucothoe fontanesiana (Steud.) Sleumer,Leucothoe fontanesiana (Steud.) Sleumer,Leucothoe fontanesiana (Steud.) Sleumer,"**Leucothoe fontanesiana (Steud.) Sleumer**: Species name identified and classified by P. McMillan and A. Hackney Blackwell, 2014.","to be added"
urn:cite:botcar:species.Liatriselegans,Liatris elegans (Walter) Michaux,Liatris elegans (Walter) Michaux,Liatris elegans (Walter) Michaux,"**Liatris elegans (Walter) Michaux**: Species name identified and classified by P. McMillan and A. Hackney Blackwell, 2014.","to be added"
urn:cite:botcar:species.Liatrissecunda,Liatris secunda Elliott,Liatris secunda Elliott,Liatris secunda Elliott,"**Liatris secunda Elliott**: Species name identified and classified by P. McMillan and A. Hackney Blackwell, 2014.","to be added"
urn:cite:botcar:species.Liatrisspicata,Liatris spicata (L.) Willd. var. resinosa (Nutt.) Gaiser,Liatris spicata (L.) Willd. var. resinosa (Nutt.) Gaiser,Liatris spicata (L.) Willd. var. resinosa (Nutt.) Gaiser,"**Liatris spicata (L.) Willd. var. resinosa (Nutt.) Gaiser**: Species name identified and classified by P. McMillan and A. Hackney Blackwell, 2014.","to be added"
urn:cite:botcar:species.Liatrissquarrosa,Liatris squarrosa (L.) Michx. var. squarrosa,Liatris squarrosa (L.) Michx. var. squarrosa,Liatris squarrosa (L.) Michx. var. squarrosa,"**Liatris squarrosa (L.) Michx. var. squarrosa**: Species name identified and classified by P. McMillan and A. Hackney Blackwell, 2014.","to be added"
urn:cite:botcar:species.Liatrissquarrulosa,Liatris squarrulosa Michx.,Liatris squarrulosa Michx.,Liatris squarrulosa Michx.,"**Liatris squarrulosa Michx.**: Species name identified and classified by P. McMillan and A. Hackney Blackwell, 2014.","to be added"
urn:cite:botcar:species.Liliumcatesbaei,Lilium catesbaei Walter,Lilium catesbaei Walter,Lilium catesbaei Walter,"**Lilium catesbaei Walter**: Species name identified and classified by P. McMillan and A. Hackney Blackwell, 2014.","to be added"
urn:cite:botcar:species.Liquidambarstyraciflua,Liquidambar styraciflua L.,Liquidambar styraciflua L.,Liquidambar styraciflua L.,"**Liquidambar styraciflua L.**: Species name identified and classified by P. McMillan and A. Hackney Blackwell, 2014.","to be added"
urn:cite:botcar:species.Liriodendrontulipifera,Liriodendron tulipifera L.,Liriodendron tulipifera L.,Liriodendron tulipifera L.,"**Liriodendron tulipifera L.**: Species name identified and classified by P. McMillan and A. Hackney Blackwell, 2014.","to be added"
urn:cite:botcar:species.Lithospermumcaroliniense,Lithospermum caroliniense (Walter ex J.F. Gmel.) MacMill.,Lithospermum caroliniense (Walter ex J.F. Gmel.) MacMill.,Lithospermum caroliniense (Walter ex J.F. Gmel.) MacMill.,"**Lithospermum caroliniense (Walter ex J.F. Gmel.) MacMill.**: Species name identified and classified by P. McMillan and A. Hackney Blackwell, 2014.","to be added"
urn:cite:botcar:species.Litseaaestivalis,Litsea aestivalis (L.) Fernald,Litsea aestivalis (L.) Fernald,Litsea aestivalis (L.) Fernald,"**Litsea aestivalis (L.) Fernald**: Species name identified and classified by P. McMillan and A. Hackney Blackwell, 2014.","to be added"
urn:cite:botcar:species.Lobeliaelongata,Lobelia elongata Small,Lobelia elongata Small,Lobelia elongata Small,"**Lobelia elongata Small**: Species name identified and classified by P. McMillan and A. Hackney Blackwell, 2014.","to be added"
urn:cite:botcar:species.Lobeliapuberula,Lobelia puberula Michx.,Lobelia puberula Michx.,Lobelia puberula Michx.,"**Lobelia puberula Michx.**: Species name identified and classified by P. McMillan and A. Hackney Blackwell, 2014.","to be added"
urn:cite:botcar:species.Ludwigiapilosa,Ludwigia pilosa Walter,Ludwigia pilosa Walter,Ludwigia pilosa Walter,"**Ludwigia pilosa Walter**: Species name identified and classified by P. McMillan and A. Hackney Blackwell, 2014.","to be added"
urn:cite:botcar:species.Ludwigiavirgata,Ludwigia virgata Michx.,Ludwigia virgata Michx.,Ludwigia virgata Michx.,"**Ludwigia virgata Michx.**: Species name identified and classified by P. McMillan and A. Hackney Blackwell, 2014.","to be added"
urn:cite:botcar:species.Lupinusdiffusus,Lupinus diffusus Nutt.,Lupinus diffusus Nutt.,Lupinus diffusus Nutt.,"**Lupinus diffusus Nutt.**: Species name identified and classified by P. McMillan and A. Hackney Blackwell, 2014.","to be added"
urn:cite:botcar:species.Lupinusvillosus,Lupinus villosus Willd.,Lupinus villosus Willd.,Lupinus villosus Willd.,"**Lupinus villosus Willd.**: Species name identified and classified by P. McMillan and A. Hackney Blackwell, 2014.","to be added"
urn:cite:botcar:species.Lycopodiellaalopecuroides,Lycopodiella alopecuroides (L.) Cranfill,Lycopodiella alopecuroides (L.) Cranfill,Lycopodiella alopecuroides (L.) Cranfill,"**Lycopodiella alopecuroides (L.) Cranfill**: Species name identified and classified by P. McMillan and A. Hackney Blackwell, 2014.","to be added"
urn:cite:botcar:species.Lycopusvirginicus,Lycopus virginicus L.,Lycopus virginicus L.,Lycopus virginicus L.,"**Lycopus virginicus L.**: Species name identified and classified by P. McMillan and A. Hackney Blackwell, 2014.","to be added"
urn:cite:botcar:species.Lyonialucida,Lyonia lucida (Lam.) K. Koch,Lyonia lucida (Lam.) K. Koch,Lyonia lucida (Lam.) K. Koch,"**Lyonia lucida (Lam.) K. Koch**: Species name identified and classified by P. McMillan and A. Hackney Blackwell, 2014.","to be added"
urn:cite:botcar:species.Lysimachiaciliata,Lysimachia ciliata L.,Lysimachia ciliata L.,Lysimachia ciliata L.,"**Lysimachia ciliata L.**: Species name identified and classified by P. McMillan and A. Hackney Blackwell, 2014.","to be added"
urn:cite:botcar:species.Lysimachiafraseri,Lysimachia fraseri Duby,Lysimachia fraseri Duby,Lysimachia fraseri Duby,"**Lysimachia fraseri Duby**: Species name identified and classified by P. McMillan and A. Hackney Blackwell, 2014.","to be added"
urn:cite:botcar:species.Lysimachiaquadrifolia,Lysimachia quadrifolia L.,Lysimachia quadrifolia L.,Lysimachia quadrifolia L.,"**Lysimachia quadrifolia L.**: Species name identified and classified by P. McMillan and A. Hackney Blackwell, 2014.","to be added"
urn:cite:botcar:species.Maianthemumracemosum,Maianthemum racemosum (L.) Link,Maianthemum racemosum (L.) Link,Maianthemum racemosum (L.) Link,"**Maianthemum racemosum (L.) Link**: Species name identified and classified by P. McMillan and A. Hackney Blackwell, 2014.","to be added"
urn:cite:botcar:species.Marshalliagraminifolia,Marshallia graminifolia (Walter) Small,Marshallia graminifolia (Walter) Small,Marshallia graminifolia (Walter) Small,"**Marshallia graminifolia (Walter) Small**: Species name identified and classified by P. McMillan and A. Hackney Blackwell, 2014.","to be added"
urn:cite:botcar:species.Marshalliaobovata,Marshallia obovata (Walter) Beadle & F.E. Boynt. var. scaposa Channell,Marshallia obovata (Walter) Beadle & F.E. Boynt. var. scaposa Channell,Marshallia obovata (Walter) Beadle & F.E. Boynt. var. scaposa Channell,"**Marshallia obovata (Walter) Beadle & F.E. Boynt. var. scaposa Channell**: Species name identified and classified by P. McMillan and A. Hackney Blackwell, 2014.","to be added"
urn:cite:botcar:species.Mateleacarolinensis,Matelea carolinensis (Jacq.) Woodson,Matelea carolinensis (Jacq.) Woodson,Matelea carolinensis (Jacq.) Woodson,"**Matelea carolinensis (Jacq.) Woodson**: Species name identified and classified by P. McMillan and A. Hackney Blackwell, 2014.","to be added"
urn:cite:botcar:species.Medeolavirginiana,Medeola virginiana L.,Medeola virginiana L.,Medeola virginiana L.,"**Medeola virginiana L.**: Species name identified and classified by P. McMillan and A. Hackney Blackwell, 2014.","to be added"
urn:cite:botcar:species.Melanthiumhybridum,Melanthium hybridum Walter,Melanthium hybridum Walter,Melanthium hybridum Walter,"**Melanthium hybridum Walter**: Species name identified and classified by P. McMillan and A. Hackney Blackwell, 2014.","to be added"
urn:cite:botcar:species.Melothriapendula,Melothria pendula L.,Melothria pendula L.,Melothria pendula L.,"**Melothria pendula L.**: Species name identified and classified by P. McMillan and A. Hackney Blackwell, 2014.","to be added"
urn:cite:botcar:species.Menispermumcanadense,Menispermum canadense L.,Menispermum canadense L.,Menispermum canadense L.,"**Menispermum canadense L.**: Species name identified and classified by P. McMillan and A. Hackney Blackwell, 2014.","to be added"
urn:cite:botcar:species.Metopiumtoxiferum,Metopium toxiferum,Metopium toxiferum,Metopium toxiferum,"**Metopium toxiferum**: Species name identified and classified by P. McMillan and A. Hackney Blackwell, 2014.","to be added"
urn:cite:botcar:species.Mimosaquadrivalvis,Mimosa quadrivalvis L.,Mimosa quadrivalvis L.,Mimosa quadrivalvis L.,"**Mimosa quadrivalvis L.**: Species name identified and classified by P. McMillan and A. Hackney Blackwell, 2014.","to be added"
urn:cite:botcar:species.Monardapunctata,Monarda punctata L.,Monarda punctata L.,Monarda punctata L.,"**Monarda punctata L.**: Species name identified and classified by P. McMillan and A. Hackney Blackwell, 2014.","to be added"
urn:cite:botcar:species.Morusrubra,Morus rubra L.,Morus rubra L.,Morus rubra L.,"**Morus rubra L.**: Species name identified and classified by P. McMillan and A. Hackney Blackwell, 2014.","to be added"
urn:cite:botcar:species.Nasturtiumofficinale,Nasturtium officinale R. Brown,Nasturtium officinale R. Brown,Nasturtium officinale R. Brown,"**Nasturtium officinale R. Brown**: Species name identified and classified by P. McMillan and A. Hackney Blackwell, 2014.","to be added"
urn:cite:botcar:species.Nolinageorgiana,Nolina georgiana Michx.,Nolina georgiana Michx.,Nolina georgiana Michx.,"**Nolina georgiana Michx.**: Species name identified and classified by P. McMillan and A. Hackney Blackwell, 2014.","to be added"
urn:cite:botcar:species.Nymphaeaodorata,Nymphaea odorata W.T. Aiton,Nymphaea odorata W.T. Aiton,Nymphaea odorata W.T. Aiton,"**Nymphaea odorata W.T. Aiton**: Species name identified and classified by P. McMillan and A. Hackney Blackwell, 2014.","to be added"
urn:cite:botcar:species.Nyssaaquatica,Nyssa aquatica L.,Nyssa aquatica L.,Nyssa aquatica L.,"**Nyssa aquatica L.**: Species name identified and classified by P. McMillan and A. Hackney Blackwell, 2014.","to be added"
urn:cite:botcar:species.Nyssasylvatica,Nyssa sylvatica L.,Nyssa sylvatica L.,Nyssa sylvatica L.,"**Nyssa sylvatica L.**: Species name identified and classified by P. McMillan and A. Hackney Blackwell, 2014.","to be added"
urn:cite:botcar:species.Oenotherafilipes,Oenothera filipes (Spach) W. L. Wagner & Hoch,Oenothera filipes (Spach) W. L. Wagner & Hoch,Oenothera filipes (Spach) W. L. Wagner & Hoch,"**Oenothera filipes (Spach) W. L. Wagner & Hoch**: Species name identified and classified by P. McMillan and A. Hackney Blackwell, 2014.","to be added"
urn:cite:botcar:species.Onosmodiumvirginianum,Onosmodium virginianum (Linnaeus) A. DC.,Onosmodium virginianum (Linnaeus) A. DC.,Onosmodium virginianum (Linnaeus) A. DC.,"**Onosmodium virginianum (Linnaeus) A. DC.**: Species name identified and classified by P. McMillan and A. Hackney Blackwell, 2014.","to be added"
urn:cite:botcar:species.Orbexilumpedunculatum,Orbexilum pedunculatum (P. Miller) Rydberg var. psoralioides (Walter) Isely,Orbexilum pedunculatum (P. Miller) Rydberg var. psoralioides (Walter) Isely,Orbexilum pedunculatum (P. Miller) Rydberg var. psoralioides (Walter) Isely,"**Orbexilum pedunculatum (P. Miller) Rydberg var. psoralioides (Walter) Isely**: Species name identified and classified by P. McMillan and A. Hackney Blackwell, 2014.","to be added"
urn:cite:botcar:species.Osmanthusamericanus,Osmanthus americanus (L.) Benth. & Hook. f. ex A. Gray,Osmanthus americanus (L.) Benth. & Hook. f. ex A. Gray,Osmanthus americanus (L.) Benth. & Hook. f. ex A. Gray,"**Osmanthus americanus (L.) Benth. & Hook. f. ex A. Gray**: Species name identified and classified by P. McMillan and A. Hackney Blackwell, 2014.","to be added"
urn:cite:botcar:species.Osmorhizalongistylis,Osmorhiza longistylis (Torr.) A.P. de Candolle,Osmorhiza longistylis (Torr.) A.P. de Candolle,Osmorhiza longistylis (Torr.) A.P. de Candolle,"**Osmorhiza longistylis (Torr.) A.P. de Candolle**: Species name identified and classified by P. McMillan and A. Hackney Blackwell, 2014.","to be added"
urn:cite:botcar:species.Osmundaregalis,Osmunda regalis L.,Osmunda regalis L.,Osmunda regalis L.,"**Osmunda regalis L.**: Species name identified and classified by P. McMillan and A. Hackney Blackwell, 2014.","to be added"
urn:cite:botcar:species.Ostryavirginiana,Ostrya virginiana?,Ostrya virginiana?,Ostrya virginiana?,"**Ostrya virginiana?**: Species name identified and classified by P. McMillan and A. Hackney Blackwell, 2014.","to be added"
urn:cite:botcar:species.Oxydendrumarboreum,Oxydendrum arboreum (Linnaeus) A.P. de Candolle,Oxydendrum arboreum (Linnaeus) A.P. de Candolle,Oxydendrum arboreum (Linnaeus) A.P. de Candolle,"**Oxydendrum arboreum (Linnaeus) A.P. de Candolle**: Species name identified and classified by P. McMillan and A. Hackney Blackwell, 2014.","to be added"
urn:cite:botcar:species.Paspalumfloridanum,Paspalum floridanum Michaux,Paspalum floridanum Michaux,Paspalum floridanum Michaux,"**Paspalum floridanum Michaux**: Species name identified and classified by P. McMillan and A. Hackney Blackwell, 2014.","to be added"
urn:cite:botcar:species.Pediculariscanadensis,Pedicularis canadensis L.,Pedicularis canadensis L.,Pedicularis canadensis L.,"**Pedicularis canadensis L.**: Species name identified and classified by P. McMillan and A. Hackney Blackwell, 2014.","to be added"
urn:cite:botcar:species.Pediomelumcanescens,Pediomelum canescens (Michx.) Rydb.,Pediomelum canescens (Michx.) Rydb.,Pediomelum canescens (Michx.) Rydb.,"**Pediomelum canescens (Michx.) Rydb.**: Species name identified and classified by P. McMillan and A. Hackney Blackwell, 2014.","to be added"
urn:cite:botcar:species.Perseaborbonia,Persea borbonia (Linnaeus) Sprengel,Persea borbonia (Linnaeus) Sprengel,Persea borbonia (Linnaeus) Sprengel,"**Persea borbonia (Linnaeus) Sprengel**: Species name identified and classified by P. McMillan and A. Hackney Blackwell, 2014.","to be added"
urn:cite:botcar:species.Perseapalustris,Persea palustris (Rafinesque) Sargent,Persea palustris (Rafinesque) Sargent,Persea palustris (Rafinesque) Sargent,"**Persea palustris (Rafinesque) Sargent**: Species name identified and classified by P. McMillan and A. Hackney Blackwell, 2014.","to be added"
urn:cite:botcar:species.Persicariavirginiana,Persicaria virginiana (Linnaeus) Gaertner,Persicaria virginiana (Linnaeus) Gaertner,Persicaria virginiana (Linnaeus) Gaertner,"**Persicaria virginiana (Linnaeus) Gaertner**: Species name identified and classified by P. McMillan and A. Hackney Blackwell, 2014.","to be added"
urn:cite:botcar:species.Phalariscaroliniana,Phalaris caroliniana Walter,Phalaris caroliniana Walter,Phalaris caroliniana Walter,"**Phalaris caroliniana Walter**: Species name identified and classified by P. McMillan and A. Hackney Blackwell, 2014.","to be added"
urn:cite:botcar:species.Phaseoluspolystachios,Phaseolus polystachios (L.) BSP,Phaseolus polystachios (L.) BSP,Phaseolus polystachios (L.) BSP,"**Phaseolus polystachios (L.) BSP**: Species name identified and classified by P. McMillan and A. Hackney Blackwell, 2014.","to be added"
urn:cite:botcar:species.Phegopterishexagonoptera,Phegopteris hexagonoptera (Michaux) F_e,Phegopteris hexagonoptera (Michaux) F_e,Phegopteris hexagonoptera (Michaux) F_e,"**Phegopteris hexagonoptera (Michaux) F_e**: Species name identified and classified by P. McMillan and A. Hackney Blackwell, 2014.","to be added"
urn:cite:botcar:species.Philadelphusinodorus,Philadelphus inodorus L.,Philadelphus inodorus L.,Philadelphus inodorus L.,"**Philadelphus inodorus L.**: Species name identified and classified by P. McMillan and A. Hackney Blackwell, 2014.","to be added"
urn:cite:botcar:species.Phleumarenarium,Phleum arenarium?,Phleum arenarium?,Phleum arenarium?,"**Phleum arenarium?**: Species name identified and classified by P. McMillan and A. Hackney Blackwell, 2014.","to be added"
urn:cite:botcar:species.Phloxamoena,Phlox amoena Sims,Phlox amoena Sims,Phlox amoena Sims,"**Phlox amoena Sims**: Species name identified and classified by P. McMillan and A. Hackney Blackwell, 2014.","to be added"
urn:cite:botcar:species.Phylanodiflora,Phyla nodiflora (L.) Greene,Phyla nodiflora (L.) Greene,Phyla nodiflora (L.) Greene,"**Phyla nodiflora (L.) Greene**: Species name identified and classified by P. McMillan and A. Hackney Blackwell, 2014.","to be added"
urn:cite:botcar:species.Physalisangulata,Physalis angulata L.,Physalis angulata L.,Physalis angulata L.,"**Physalis angulata L.**: Species name identified and classified by P. McMillan and A. Hackney Blackwell, 2014.","to be added"
urn:cite:botcar:species.Physostegiapurpurea,Physostegia purpurea (Walter) Blake,Physostegia purpurea (Walter) Blake,Physostegia purpurea (Walter) Blake,"**Physostegia purpurea (Walter) Blake**: Species name identified and classified by P. McMillan and A. Hackney Blackwell, 2014.","to be added"
urn:cite:botcar:species.Pityopsisgraminifolia,Pityopsis graminifolia (Michx.) Nutt. var. latifolia (Fernald) Semple & F.D. Bowers,Pityopsis graminifolia (Michx.) Nutt. var. latifolia (Fernald) Semple & F.D. Bowers,Pityopsis graminifolia (Michx.) Nutt. var. latifolia (Fernald) Semple & F.D. Bowers,"**Pityopsis graminifolia (Michx.) Nutt. var. latifolia (Fernald) Semple & F.D. Bowers**: Species name identified and classified by P. McMillan and A. Hackney Blackwell, 2014.","to be added"
urn:cite:botcar:species.Platantheraciliaris,Platanthera ciliaris (L.) Lindl.,Platanthera ciliaris (L.) Lindl.,Platanthera ciliaris (L.) Lindl.,"**Platanthera ciliaris (L.) Lindl.**: Species name identified and classified by P. McMillan and A. Hackney Blackwell, 2014.","to be added"
urn:cite:botcar:species.Platantheraintegra,Platanthera integra (Nutt.) A. Gray ex Beck,Platanthera integra (Nutt.) A. Gray ex Beck,Platanthera integra (Nutt.) A. Gray ex Beck,"**Platanthera integra (Nutt.) A. Gray ex Beck**: Species name identified and classified by P. McMillan and A. Hackney Blackwell, 2014.","to be added"
urn:cite:botcar:species.Platanusoccidentalis,Platanus occidentalis L.,Platanus occidentalis L.,Platanus occidentalis L.,"**Platanus occidentalis L.**: Species name identified and classified by P. McMillan and A. Hackney Blackwell, 2014.","to be added"
urn:cite:botcar:species.Plucheafoetida,Pluchea foetida (L.) A.P. de Candolle,Pluchea foetida (L.) A.P. de Candolle,Pluchea foetida (L.) A.P. de Candolle,"**Pluchea foetida (L.) A.P. de Candolle**: Species name identified and classified by P. McMillan and A. Hackney Blackwell, 2014.","to be added"
urn:cite:botcar:species.Podophyllumpeltatum,Podophyllum peltatum L.,Podophyllum peltatum L.,Podophyllum peltatum L.,"**Podophyllum peltatum L.**: Species name identified and classified by P. McMillan and A. Hackney Blackwell, 2014.","to be added"
urn:cite:botcar:species.Podostemumceratophyllum,Podostemum ceratophyllum Michx.,Podostemum ceratophyllum Michx.,Podostemum ceratophyllum Michx.,"**Podostemum ceratophyllum Michx.**: Species name identified and classified by P. McMillan and A. Hackney Blackwell, 2014.","to be added"
urn:cite:botcar:species.Polygalacruciata,Polygala cruciata L.,Polygala cruciata L.,Polygala cruciata L.,"**Polygala cruciata L.**: Species name identified and classified by P. McMillan and A. Hackney Blackwell, 2014.","to be added"
urn:cite:botcar:species.Polygalagrandiflora,Polygala grandiflora Walter,Polygala grandiflora Walter,Polygala grandiflora Walter,"**Polygala grandiflora Walter**: Species name identified and classified by P. McMillan and A. Hackney Blackwell, 2014.","to be added"
urn:cite:botcar:species.Polygalalutea,Polygala lutea L.,Polygala lutea L.,Polygala lutea L.,"**Polygala lutea L.**: Species name identified and classified by P. McMillan and A. Hackney Blackwell, 2014.","to be added"
urn:cite:botcar:species.Polygalamariana,Polygala mariana P. Miller,Polygala mariana P. Miller,Polygala mariana P. Miller,"**Polygala mariana P. Miller**: Species name identified and classified by P. McMillan and A. Hackney Blackwell, 2014.","to be added"
urn:cite:botcar:species.Polygalapolygama,Polygala polygama Walter,Polygala polygama Walter,Polygala polygama Walter,"**Polygala polygama Walter**: Species name identified and classified by P. McMillan and A. Hackney Blackwell, 2014.","to be added"
urn:cite:botcar:species.Polygalaramosa,Polygala ramosa Elliott,Polygala ramosa Elliott,Polygala ramosa Elliott,"**Polygala ramosa Elliott**: Species name identified and classified by P. McMillan and A. Hackney Blackwell, 2014.","to be added"
urn:cite:botcar:species.Polygonatumbiflorum,Polygonatum biflorum (Walter) Elliott,Polygonatum biflorum (Walter) Elliott,Polygonatum biflorum (Walter) Elliott,"**Polygonatum biflorum (Walter) Elliott**: Species name identified and classified by P. McMillan and A. Hackney Blackwell, 2014.","to be added"
urn:cite:botcar:species.Polypremumprocumbens,Polypremum procumbens L.,Polypremum procumbens L.,Polypremum procumbens L.,"**Polypremum procumbens L.**: Species name identified and classified by P. McMillan and A. Hackney Blackwell, 2014.","to be added"
urn:cite:botcar:species.Polystichumacrostichoides,Polystichum acrostichoides (Michaux) Schott,Polystichum acrostichoides (Michaux) Schott,Polystichum acrostichoides (Michaux) Schott,"**Polystichum acrostichoides (Michaux) Schott**: Species name identified and classified by P. McMillan and A. Hackney Blackwell, 2014.","to be added"
urn:cite:botcar:species.Polytrichumcommune,Polytrichum commune Hedw.,Polytrichum commune Hedw.,Polytrichum commune Hedw.,"**Polytrichum commune Hedw.**: Species name identified and classified by P. McMillan and A. Hackney Blackwell, 2014.","to be added"
urn:cite:botcar:species.Pontederiacordata,Pontederia cordata Linnaeus var. lancifolia (Muhlenberg ex Elliott) Torrey,Pontederia cordata Linnaeus var. lancifolia (Muhlenberg ex Elliott) Torrey,Pontederia cordata Linnaeus var. lancifolia (Muhlenberg ex Elliott) Torrey,"**Pontederia cordata Linnaeus var. lancifolia (Muhlenberg ex Elliott) Torrey**: Species name identified and classified by P. McMillan and A. Hackney Blackwell, 2014.","to be added"
urn:cite:botcar:species.Populusdeltoides,Populus deltoides Bartram ex Marsh.,Populus deltoides Bartram ex Marsh.,Populus deltoides Bartram ex Marsh.,"**Populus deltoides Bartram ex Marsh.**: Species name identified and classified by P. McMillan and A. Hackney Blackwell, 2014.","to be added"
urn:cite:botcar:species.Populusheterophylla,Populus heterophylla L.,Populus heterophylla L.,Populus heterophylla L.,"**Populus heterophylla L.**: Species name identified and classified by P. McMillan and A. Hackney Blackwell, 2014.","to be added"
urn:cite:botcar:species.Prenanthesautumnalis,Prenanthes autumnalis Walter,Prenanthes autumnalis Walter,Prenanthes autumnalis Walter,"**Prenanthes autumnalis Walter**: Species name identified and classified by P. McMillan and A. Hackney Blackwell, 2014.","to be added"
urn:cite:botcar:species.Prenanthesserpentaria,Prenanthes serpentaria Pursh,Prenanthes serpentaria Pursh,Prenanthes serpentaria Pursh,"**Prenanthes serpentaria Pursh**: Species name identified and classified by P. McMillan and A. Hackney Blackwell, 2014.","to be added"
urn:cite:botcar:species.Prunellavulgaris,Prunella vulgaris Linnaeus var. lanceolata (W. Barton) Fernald,Prunella vulgaris Linnaeus var. lanceolata (W. Barton) Fernald,Prunella vulgaris Linnaeus var. lanceolata (W. Barton) Fernald,"**Prunella vulgaris Linnaeus var. lanceolata (W. Barton) Fernald**: Species name identified and classified by P. McMillan and A. Hackney Blackwell, 2014.","to be added"
urn:cite:botcar:species.Prunuscaroliniana,Prunus caroliniana Aiton,Prunus caroliniana Aiton,Prunus caroliniana Aiton,"**Prunus caroliniana Aiton**: Species name identified and classified by P. McMillan and A. Hackney Blackwell, 2014.","to be added"
urn:cite:botcar:species.Prunusumbellata,Prunus umbellata Elliott,Prunus umbellata Elliott,Prunus umbellata Elliott,"**Prunus umbellata Elliott**: Species name identified and classified by P. McMillan and A. Hackney Blackwell, 2014.","to be added"
urn:cite:botcar:species.Pseudognaphaliumobtusifolium,Pseudognaphalium obtusifolium (L.) Hilliard & B.L. Burtt,Pseudognaphalium obtusifolium (L.) Hilliard & B.L. Burtt,Pseudognaphalium obtusifolium (L.) Hilliard & B.L. Burtt,"**Pseudognaphalium obtusifolium (L.) Hilliard & B.L. Burtt**: Species name identified and classified by P. McMillan and A. Hackney Blackwell, 2014.","to be added"
urn:cite:botcar:species.Pteleatrifoliata,Ptelea trifoliata L.,Ptelea trifoliata L.,Ptelea trifoliata L.,"**Ptelea trifoliata L.**: Species name identified and classified by P. McMillan and A. Hackney Blackwell, 2014.","to be added"
urn:cite:botcar:species.Ptilimniumcapillaceum,Ptilimnium capillaceum (Michaux) Rafinesque,Ptilimnium capillaceum (Michaux) Rafinesque,Ptilimnium capillaceum (Michaux) Rafinesque,"**Ptilimnium capillaceum (Michaux) Rafinesque**: Species name identified and classified by P. McMillan and A. Hackney Blackwell, 2014.","to be added"
urn:cite:botcar:species.Pycnanthemumflexuosum,"Pycnanthemum flexuosum (Walter) Britton, Sterns & Poggenb.","Pycnanthemum flexuosum (Walter) Britton, Sterns & Poggenb.","Pycnanthemum flexuosum (Walter) Britton, Sterns & Poggenb.","**Pycnanthemum flexuosum (Walter) Britton, Sterns & Poggenb."**: Species name identified and classified by P. McMillan and A. Hackney Blackwell, 2014.","to be added"
urn:cite:botcar:species.Pycnanthemumpycnanthemoides,Pycnanthemum pycnanthemoides (Leavenworth) Fernald var. pycnanthemoides,Pycnanthemum pycnanthemoides (Leavenworth) Fernald var. pycnanthemoides,Pycnanthemum pycnanthemoides (Leavenworth) Fernald var. pycnanthemoides,"**Pycnanthemum pycnanthemoides (Leavenworth) Fernald var. pycnanthemoides**: Species name identified and classified by P. McMillan and A. Hackney Blackwell, 2014.","to be added"
urn:cite:botcar:species.Quercusalba,Quercus alba L.,Quercus alba L.,Quercus alba L.,"**Quercus alba L.**: Species name identified and classified by P. McMillan and A. Hackney Blackwell, 2014.","to be added"
urn:cite:botcar:species.Quercusincana,Quercus incana Bartram,Quercus incana Bartram,Quercus incana Bartram,"**Quercus incana Bartram**: Species name identified and classified by P. McMillan and A. Hackney Blackwell, 2014.","to be added"
urn:cite:botcar:species.Quercuslaevis,Quercus laevis Walter,Quercus laevis Walter,Quercus laevis Walter,"**Quercus laevis Walter**: Species name identified and classified by P. McMillan and A. Hackney Blackwell, 2014.","to be added"
urn:cite:botcar:species.Quercusmarilandica,Quercus marilandica Muenchh.,Quercus marilandica Muenchh.,Quercus marilandica Muenchh.,"**Quercus marilandica Muenchh.**: Species name identified and classified by P. McMillan and A. Hackney Blackwell, 2014.","to be added"
urn:cite:botcar:species.Quercusmichauxii,Quercus michauxii Nutt.,Quercus michauxii Nutt.,Quercus michauxii Nutt.,"**Quercus michauxii Nutt.**: Species name identified and classified by P. McMillan and A. Hackney Blackwell, 2014.","to be added"
urn:cite:botcar:species.Quercusnigra,Quercus nigra L.,Quercus nigra L.,Quercus nigra L.,"**Quercus nigra L.**: Species name identified and classified by P. McMillan and A. Hackney Blackwell, 2014.","to be added"
urn:cite:botcar:species.Quercusphellos,Quercus phellos L.,Quercus phellos L.,Quercus phellos L.,"**Quercus phellos L.**: Species name identified and classified by P. McMillan and A. Hackney Blackwell, 2014.","to be added"
urn:cite:botcar:species.Quercusvirginiana,Quercus virginiana Mill.,Quercus virginiana Mill.,Quercus virginiana Mill.,"**Quercus virginiana Mill.**: Species name identified and classified by P. McMillan and A. Hackney Blackwell, 2014.","to be added"
urn:cite:botcar:species.Rhexiaalifanus,Rhexia alifanus Walter,Rhexia alifanus Walter,Rhexia alifanus Walter,"**Rhexia alifanus Walter**: Species name identified and classified by P. McMillan and A. Hackney Blackwell, 2014.","to be added"
urn:cite:botcar:species.Rhexiavirginica,Rhexia virginica L.,Rhexia virginica L.,Rhexia virginica L.,"**Rhexia virginica L.**: Species name identified and classified by P. McMillan and A. Hackney Blackwell, 2014.","to be added"
urn:cite:botcar:species.Rhynchosiatomentosa,Rhynchosia tomentosa (Linnaeus) Hooker & Arnott,Rhynchosia tomentosa (Linnaeus) Hooker & Arnott,Rhynchosia tomentosa (Linnaeus) Hooker & Arnott,"**Rhynchosia tomentosa (Linnaeus) Hooker & Arnott**: Species name identified and classified by P. McMillan and A. Hackney Blackwell, 2014.","to be added"
urn:cite:botcar:species.Rhynchosporacolorata,Rhynchospora colorata (L.) H. Pfeiffer,Rhynchospora colorata (L.) H. Pfeiffer,Rhynchospora colorata (L.) H. Pfeiffer,"**Rhynchospora colorata (L.) H. Pfeiffer**: Species name identified and classified by P. McMillan and A. Hackney Blackwell, 2014.","to be added"
urn:cite:botcar:species.Rhynchosporafascicularis,Rhynchospora fascicularis (Michaux) Vahl,Rhynchospora fascicularis (Michaux) Vahl,Rhynchospora fascicularis (Michaux) Vahl,"**Rhynchospora fascicularis (Michaux) Vahl**: Species name identified and classified by P. McMillan and A. Hackney Blackwell, 2014.","to be added"
urn:cite:botcar:species.Rhynchosporaglomerata,Rhynchospora glomerata (L.) Vahl,Rhynchospora glomerata (L.) Vahl,Rhynchospora glomerata (L.) Vahl,"**Rhynchospora glomerata (L.) Vahl**: Species name identified and classified by P. McMillan and A. Hackney Blackwell, 2014.","to be added"
urn:cite:botcar:species.Rubuspensilvanicus,Rubus pensilvanicus Poiret,Rubus pensilvanicus Poiret,Rubus pensilvanicus Poiret,"**Rubus pensilvanicus Poiret**: Species name identified and classified by P. McMillan and A. Hackney Blackwell, 2014.","to be added"
urn:cite:botcar:species.Rudbeckiahirta,Rudbeckia hirta L.,Rudbeckia hirta L.,Rudbeckia hirta L.,"**Rudbeckia hirta L.**: Species name identified and classified by P. McMillan and A. Hackney Blackwell, 2014.","to be added"
urn:cite:botcar:species.Sabatiaangularis,Sabatia angularis (L.) Pursh,Sabatia angularis (L.) Pursh,Sabatia angularis (L.) Pursh,"**Sabatia angularis (L.) Pursh**: Species name identified and classified by P. McMillan and A. Hackney Blackwell, 2014.","to be added"
urn:cite:botcar:species.Sabatiadifformis,Sabatia difformis (Linnaeus) Druce,Sabatia difformis (Linnaeus) Druce,Sabatia difformis (Linnaeus) Druce,"**Sabatia difformis (Linnaeus) Druce**: Species name identified and classified by P. McMillan and A. Hackney Blackwell, 2014.","to be added"
urn:cite:botcar:species.Sabatiastellaris,Sabatia stellaris Pursh,Sabatia stellaris Pursh,Sabatia stellaris Pursh,"**Sabatia stellaris Pursh**: Species name identified and classified by P. McMillan and A. Hackney Blackwell, 2014.","to be added"
urn:cite:botcar:species.Saccharumgiganteum,Saccharum giganteum (Walter) Pers.,Saccharum giganteum (Walter) Pers.,Saccharum giganteum (Walter) Pers.,"**Saccharum giganteum (Walter) Pers.**: Species name identified and classified by P. McMillan and A. Hackney Blackwell, 2014.","to be added"
urn:cite:botcar:species.Salvialyrata,Salvia lyrata L.,Salvia lyrata L.,Salvia lyrata L.,"**Salvia lyrata L.**: Species name identified and classified by P. McMillan and A. Hackney Blackwell, 2014.","to be added"
urn:cite:botcar:species.Sarraceniaminor,Sarracenia minor Walter,Sarracenia minor Walter,Sarracenia minor Walter,"**Sarracenia minor Walter**: Species name identified and classified by P. McMillan and A. Hackney Blackwell, 2014.","to be added"
urn:cite:botcar:species.Sarraceniarubra,Sarracenia rubra Walter,Sarracenia rubra Walter,Sarracenia rubra Walter,"**Sarracenia rubra Walter**: Species name identified and classified by P. McMillan and A. Hackney Blackwell, 2014.","to be added"
urn:cite:botcar:species.Saururuscernuus,Saururus cernuus L.,Saururus cernuus L.,Saururus cernuus L.,"**Saururus cernuus L.**: Species name identified and classified by P. McMillan and A. Hackney Blackwell, 2014.","to be added"
urn:cite:botcar:species.Scirpuscyperinus,Scirpus cyperinus (L.) Kunth,Scirpus cyperinus (L.) Kunth,Scirpus cyperinus (L.) Kunth,"**Scirpus cyperinus (L.) Kunth**: Species name identified and classified by P. McMillan and A. Hackney Blackwell, 2014.","to be added"
urn:cite:botcar:species.Scutellariaelliptica,Scutellaria elliptica Muhl. ex Spreng.,Scutellaria elliptica Muhl. ex Spreng.,Scutellaria elliptica Muhl. ex Spreng.,"**Scutellaria elliptica Muhl. ex Spreng.**: Species name identified and classified by P. McMillan and A. Hackney Blackwell, 2014.","to be added"
urn:cite:botcar:species.Selaginellaapoda,Selaginella apoda (L.) Spring,Selaginella apoda (L.) Spring,Selaginella apoda (L.) Spring,"**Selaginella apoda (L.) Spring**: Species name identified and classified by P. McMillan and A. Hackney Blackwell, 2014.","to be added"
urn:cite:botcar:species.Sennaoccidentalis,Senna occidentalis (L.) Link,Senna occidentalis (L.) Link,Senna occidentalis (L.) Link,"**Senna occidentalis (L.) Link**: Species name identified and classified by P. McMillan and A. Hackney Blackwell, 2014.","to be added"
urn:cite:botcar:species.Sericocarpusasteroides,Sericocarpus asteroides (L.) BSP,Sericocarpus asteroides (L.) BSP,Sericocarpus asteroides (L.) BSP,"**Sericocarpus asteroides (L.) BSP**: Species name identified and classified by P. McMillan and A. Hackney Blackwell, 2014.","to be added"
urn:cite:botcar:species.Sericocarpustortifolius,Sericocarpus tortifolius (Michx.) Nees,Sericocarpus tortifolius (Michx.) Nees,Sericocarpus tortifolius (Michx.) Nees,"**Sericocarpus tortifolius (Michx.) Nees**: Species name identified and classified by P. McMillan and A. Hackney Blackwell, 2014.","to be added"
urn:cite:botcar:species.Setariamagna,Setaria magna Griseb.,Setaria magna Griseb.,Setaria magna Griseb.,"**Setaria magna Griseb.**: Species name identified and classified by P. McMillan and A. Hackney Blackwell, 2014.","to be added"
urn:cite:botcar:species.Setariaparviflora,Setaria parviflora (Poir.) Kergu_len,Setaria parviflora (Poir.) Kergu_len,Setaria parviflora (Poir.) Kergu_len,"**Setaria parviflora (Poir.) Kergu_len**: Species name identified and classified by P. McMillan and A. Hackney Blackwell, 2014.","to be added"
urn:cite:botcar:species.Seymeriacassioides,Seymeria cassioides (J.F. Gmel.) S.F. Blake,Seymeria cassioides (J.F. Gmel.) S.F. Blake,Seymeria cassioides (J.F. Gmel.) S.F. Blake,"**Seymeria cassioides (J.F. Gmel.) S.F. Blake**: Species name identified and classified by P. McMillan and A. Hackney Blackwell, 2014.","to be added"
urn:cite:botcar:species.Seymeriapectinata,Seymeria pectinata Pursh,Seymeria pectinata Pursh,Seymeria pectinata Pursh,"**Seymeria pectinata Pursh**: Species name identified and classified by P. McMillan and A. Hackney Blackwell, 2014.","to be added"
urn:cite:botcar:species.Sidarhombifolia,Sida rhombifolia L.,Sida rhombifolia L.,Sida rhombifolia L.,"**Sida rhombifolia L.**: Species name identified and classified by P. McMillan and A. Hackney Blackwell, 2014.","to be added"
urn:cite:botcar:species.Silenevirginica,Silene virginica L.,Silene virginica L.,Silene virginica L.,"**Silene virginica L.**: Species name identified and classified by P. McMillan and A. Hackney Blackwell, 2014.","to be added"
urn:cite:botcar:species.Silphiumasteriscus,Silphium asteriscus L.,Silphium asteriscus L.,Silphium asteriscus L.,"**Silphium asteriscus L.**: Species name identified and classified by P. McMillan and A. Hackney Blackwell, 2014.","to be added"
urn:cite:botcar:species.Smallanthusuvedalius,Smallanthus uvedalius (Linnaeus) Mackenzie ex Small,Smallanthus uvedalius (Linnaeus) Mackenzie ex Small,Smallanthus uvedalius (Linnaeus) Mackenzie ex Small,"**Smallanthus uvedalius (Linnaeus) Mackenzie ex Small**: Species name identified and classified by P. McMillan and A. Hackney Blackwell, 2014.","to be added"
urn:cite:botcar:species.Smilaxauriculata,Smilax auriculata Walter,Smilax auriculata Walter,Smilax auriculata Walter,"**Smilax auriculata Walter**: Species name identified and classified by P. McMillan and A. Hackney Blackwell, 2014.","to be added"
urn:cite:botcar:species.Smilaxpumila,Smilax pumila Walter,Smilax pumila Walter,Smilax pumila Walter,"**Smilax pumila Walter**: Species name identified and classified by P. McMillan and A. Hackney Blackwell, 2014.","to be added"
urn:cite:botcar:species.Solidagofistulosa,Solidago fistulosa Mill.,Solidago fistulosa Mill.,Solidago fistulosa Mill.,"**Solidago fistulosa Mill.**: Species name identified and classified by P. McMillan and A. Hackney Blackwell, 2014.","to be added"
urn:cite:botcar:species.Solidagoodora,Solidago odora Aiton,Solidago odora Aiton,Solidago odora Aiton,"**Solidago odora Aiton**: Species name identified and classified by P. McMillan and A. Hackney Blackwell, 2014.","to be added"
urn:cite:botcar:species.Solidagopetiolaris,Solidago petiolaris Aiton var. petiolaris,Solidago petiolaris Aiton var. petiolaris,Solidago petiolaris Aiton var. petiolaris,"**Solidago petiolaris Aiton var. petiolaris**: Species name identified and classified by P. McMillan and A. Hackney Blackwell, 2014.","to be added"
urn:cite:botcar:species.Solidagosempervirens,Solidago sempervirens L.,Solidago sempervirens L.,Solidago sempervirens L.,"**Solidago sempervirens L.**: Species name identified and classified by P. McMillan and A. Hackney Blackwell, 2014.","to be added"
urn:cite:botcar:species.Spigeliamarilandica,Spigelia marilandica (L.) L.,Spigelia marilandica (L.) L.,Spigelia marilandica (L.) L.,"**Spigelia marilandica (L.) L.**: Species name identified and classified by P. McMillan and A. Hackney Blackwell, 2014.","to be added"
urn:cite:botcar:species.Sporobolusindicus,Sporobolus indicus (L.) R. Br.,Sporobolus indicus (L.) R. Br.,Sporobolus indicus (L.) R. Br.,"**Sporobolus indicus (L.) R. Br.**: Species name identified and classified by P. McMillan and A. Hackney Blackwell, 2014.","to be added"
urn:cite:botcar:species.Stachysindet,Stachys indet.,Stachys indet.,Stachys indet.,"**Stachys indet.**: Species name identified and classified by P. McMillan and A. Hackney Blackwell, 2014.","to be added"
urn:cite:botcar:species.Stillingiasylvatica,Stillingia sylvatica Garden ex Linnaeus ssp. sylvatica,Stillingia sylvatica Garden ex Linnaeus ssp. sylvatica,Stillingia sylvatica Garden ex Linnaeus ssp. sylvatica,"**Stillingia sylvatica Garden ex Linnaeus ssp. sylvatica**: Species name identified and classified by P. McMillan and A. Hackney Blackwell, 2014.","to be added"
urn:cite:botcar:species.Styraxamericanus,Styrax americanus Lam.,Styrax americanus Lam.,Styrax americanus Lam.,"**Styrax americanus Lam.**: Species name identified and classified by P. McMillan and A. Hackney Blackwell, 2014.","to be added"
urn:cite:botcar:species.Symphyotrichumconcolor,Symphyotrichum concolor (L.) G.L. Nesom,Symphyotrichum concolor (L.) G.L. Nesom,Symphyotrichum concolor (L.) G.L. Nesom,"**Symphyotrichum concolor (L.) G.L. Nesom**: Species name identified and classified by P. McMillan and A. Hackney Blackwell, 2014.","to be added"
urn:cite:botcar:species.Symphyotrichumdumosum,Symphyotrichum dumosum (L.) G.L. Nesom,Symphyotrichum dumosum (L.) G.L. Nesom,Symphyotrichum dumosum (L.) G.L. Nesom,"**Symphyotrichum dumosum (L.) G.L. Nesom**: Species name identified and classified by P. McMillan and A. Hackney Blackwell, 2014.","to be added"
urn:cite:botcar:species.Taxodiumascendens,Taxodium ascendens Brongn.,Taxodium ascendens Brongn.,Taxodium ascendens Brongn.,"**Taxodium ascendens Brongn.**: Species name identified and classified by P. McMillan and A. Hackney Blackwell, 2014.","to be added"
urn:cite:botcar:species.Taxodiumdistichum,Taxodium distichum (L.) Rich.,Taxodium distichum (L.) Rich.,Taxodium distichum (L.) Rich.,"**Taxodium distichum (L.) Rich.**: Species name identified and classified by P. McMillan and A. Hackney Blackwell, 2014.","to be added"
urn:cite:botcar:species.Tephrosiaspicata,Tephrosia spicata (Walter) Torrey & A. Gray,Tephrosia spicata (Walter) Torrey & A. Gray,Tephrosia spicata (Walter) Torrey & A. Gray,"**Tephrosia spicata (Walter) Torrey & A. Gray**: Species name identified and classified by P. McMillan and A. Hackney Blackwell, 2014.","to be added"
urn:cite:botcar:species.Tephrosiavirginiana,Tephrosia virginiana (L.) Pers.,Tephrosia virginiana (L.) Pers.,Tephrosia virginiana (L.) Pers.,"**Tephrosia virginiana (L.) Pers.**: Species name identified and classified by P. McMillan and A. Hackney Blackwell, 2014.","to be added"
urn:cite:botcar:species.Teucriumcanadense,Teucrium canadense L.,Teucrium canadense L.,Teucrium canadense L.,"**Teucrium canadense L.**: Species name identified and classified by P. McMillan and A. Hackney Blackwell, 2014.","to be added"
urn:cite:botcar:species.Thalictrumrevolutum,Thalictrum revolutum DC,Thalictrum revolutum DC,Thalictrum revolutum DC,"**Thalictrum revolutum DC**: Species name identified and classified by P. McMillan and A. Hackney Blackwell, 2014.","to be added"
urn:cite:botcar:species.Thaspiumbarbinode,Thaspium barbinode (Michx.) Nutt.,Thaspium barbinode (Michx.) Nutt.,Thaspium barbinode (Michx.) Nutt.,"**Thaspium barbinode (Michx.) Nutt.**: Species name identified and classified by P. McMillan and A. Hackney Blackwell, 2014.","to be added"
urn:cite:botcar:species.Thaspiumtrifoliatum,Thaspium trifoliatum (L.) A. Gray var. trifoliatum,Thaspium trifoliatum (L.) A. Gray var. trifoliatum,Thaspium trifoliatum (L.) A. Gray var. trifoliatum,"**Thaspium trifoliatum (L.) A. Gray var. trifoliatum**: Species name identified and classified by P. McMillan and A. Hackney Blackwell, 2014.","to be added"
urn:cite:botcar:species.Tiliaamericana,Tilia americana L. var. heterophylla (Vent.) Louden,Tilia americana L. var. heterophylla (Vent.) Louden,Tilia americana L. var. heterophylla (Vent.) Louden,"**Tilia americana L. var. heterophylla (Vent.) Louden**: Species name identified and classified by P. McMillan and A. Hackney Blackwell, 2014.","to be added"
urn:cite:botcar:species.Toxicodendronradicans,Toxicodendron radicans (L.) Kuntze,Toxicodendron radicans (L.) Kuntze,Toxicodendron radicans (L.) Kuntze,"**Toxicodendron radicans (L.) Kuntze**: Species name identified and classified by P. McMillan and A. Hackney Blackwell, 2014.","to be added"
urn:cite:botcar:species.Toxicodendronvernix,Toxicodendron vernix (L.) Kuntze,Toxicodendron vernix (L.) Kuntze,Toxicodendron vernix (L.) Kuntze,"**Toxicodendron vernix (L.) Kuntze**: Species name identified and classified by P. McMillan and A. Hackney Blackwell, 2014.","to be added"
urn:cite:botcar:species.Tragiaurticifolia,Tragia urticifolia Michx.,Tragia urticifolia Michx.,Tragia urticifolia Michx.,"**Tragia urticifolia Michx.**: Species name identified and classified by P. McMillan and A. Hackney Blackwell, 2014.","to be added"
urn:cite:botcar:species.Trautvetteriacaroliniensis,Trautvetteria caroliniensis (Walter) Vail,Trautvetteria caroliniensis (Walter) Vail,Trautvetteria caroliniensis (Walter) Vail,"**Trautvetteria caroliniensis (Walter) Vail**: Species name identified and classified by P. McMillan and A. Hackney Blackwell, 2014.","to be added"
urn:cite:botcar:species.Triantharacemosa,Triantha racemosa (Walter) Small,Triantha racemosa (Walter) Small,Triantha racemosa (Walter) Small,"**Triantha racemosa (Walter) Small**: Species name identified and classified by P. McMillan and A. Hackney Blackwell, 2014.","to be added"
urn:cite:botcar:species.Trichostemadichotomum,Trichostema dichotomum L.,Trichostema dichotomum L.,Trichostema dichotomum L.,"**Trichostema dichotomum L.**: Species name identified and classified by P. McMillan and A. Hackney Blackwell, 2014.","to be added"
urn:cite:botcar:species.Trilisapaniculata,Trilisa paniculata (J.F. Gmelin) Cassini,Trilisa paniculata (J.F. Gmelin) Cassini,Trilisa paniculata (J.F. Gmelin) Cassini,"**Trilisa paniculata (J.F. Gmelin) Cassini**: Species name identified and classified by P. McMillan and A. Hackney Blackwell, 2014.","to be added"
urn:cite:botcar:species.Trilliumcatesbaei,Trillium catesbaei Elliott,Trillium catesbaei Elliott,Trillium catesbaei Elliott,"**Trillium catesbaei Elliott**: Species name identified and classified by P. McMillan and A. Hackney Blackwell, 2014.","to be added"
urn:cite:botcar:species.Trilliummaculatum,Trillium maculatum Raf.,Trillium maculatum Raf.,Trillium maculatum Raf.,"**Trillium maculatum Raf.**: Species name identified and classified by P. McMillan and A. Hackney Blackwell, 2014.","to be added"
urn:cite:botcar:species.Triodanisperfoliata,Triodanis perfoliata (L.) Nieuwl.,Triodanis perfoliata (L.) Nieuwl.,Triodanis perfoliata (L.) Nieuwl.,"**Triodanis perfoliata (L.) Nieuwl.**: Species name identified and classified by P. McMillan and A. Hackney Blackwell, 2014.","to be added"
urn:cite:botcar:species.Ulmusrubra,Ulmus rubra Muhl.,Ulmus rubra Muhl.,Ulmus rubra Muhl.,"**Ulmus rubra Muhl.**: Species name identified and classified by P. McMillan and A. Hackney Blackwell, 2014.","to be added"
urn:cite:botcar:species.Uniolapaniculata,Uniola paniculata L.,Uniola paniculata L.,Uniola paniculata L.,"**Uniola paniculata L.**: Species name identified and classified by P. McMillan and A. Hackney Blackwell, 2014.","to be added"
urn:cite:botcar:species.Vacciniumstamineum,Vaccinium stamineum Linnaeus var. caesium (Greene) D.B. Ward,Vaccinium stamineum Linnaeus var. caesium (Greene) D.B. Ward,Vaccinium stamineum Linnaeus var. caesium (Greene) D.B. Ward,"**Vaccinium stamineum Linnaeus var. caesium (Greene) D.B. Ward**: Species name identified and classified by P. McMillan and A. Hackney Blackwell, 2014.","to be added"
urn:cite:botcar:species.Vernoniaacaulis,Vernonia acaulis (Walter) Gleason,Vernonia acaulis (Walter) Gleason,Vernonia acaulis (Walter) Gleason,"**Vernonia acaulis (Walter) Gleason**: Species name identified and classified by P. McMillan and A. Hackney Blackwell, 2014.","to be added"
urn:cite:botcar:species.Vernoniaangustifolia,Vernonia angustifolia Michx.,Vernonia angustifolia Michx.,Vernonia angustifolia Michx.,"**Vernonia angustifolia Michx.**: Species name identified and classified by P. McMillan and A. Hackney Blackwell, 2014.","to be added"
urn:cite:botcar:species.Vernoniagigantea,Vernonia gigantea (Walter) Trelease,Vernonia gigantea (Walter) Trelease,Vernonia gigantea (Walter) Trelease,"**Vernonia gigantea (Walter) Trelease**: Species name identified and classified by P. McMillan and A. Hackney Blackwell, 2014.","to be added"
urn:cite:botcar:species.Violalanceolata,Viola lanceolata Linnaeus var. vittata (Greene) Weatherby & Griscom,Viola lanceolata Linnaeus var. vittata (Greene) Weatherby & Griscom,Viola lanceolata Linnaeus var. vittata (Greene) Weatherby & Griscom,"**Viola lanceolata Linnaeus var. vittata (Greene) Weatherby & Griscom**: Species name identified and classified by P. McMillan and A. Hackney Blackwell, 2014.","to be added"
urn:cite:botcar:species.Violasororia,Viola sororia Willd.,Viola sororia Willd.,Viola sororia Willd.,"**Viola sororia Willd.**: Species name identified and classified by P. McMillan and A. Hackney Blackwell, 2014.","to be added"
urn:cite:botcar:species.Vitisaestivalis,Vitis aestivalis Michaux,Vitis aestivalis Michaux,Vitis aestivalis Michaux,"**Vitis aestivalis Michaux**: Species name identified and classified by P. McMillan and A. Hackney Blackwell, 2014.","to be added"
urn:cite:botcar:species.Woodwardiaareolata,Woodwardia areolata (L.) T. Moore,Woodwardia areolata (L.) T. Moore,Woodwardia areolata (L.) T. Moore,"**Woodwardia areolata (L.) T. Moore**: Species name identified and classified by P. McMillan and A. Hackney Blackwell, 2014.","to be added"
urn:cite:botcar:species.Xyrisambigua,Xyris ambigua Bey. ex Kunth,Xyris ambigua Bey. ex Kunth,Xyris ambigua Bey. ex Kunth,"**Xyris ambigua Bey. ex Kunth**: Species name identified and classified by P. McMillan and A. Hackney Blackwell, 2014.","to be added"
urn:cite:botcar:species.Zizaniaaquatica,Zizania aquatica L.,Zizania aquatica L.,Zizania aquatica L.,"**Zizania aquatica L.**: Species name identified and classified by P. McMillan and A. Hackney Blackwell, 2014.","to be added"
